{
    "_ColorR": 0.674038827419281,
    "_ColorG": 0.6914095282554627,
    "_ColorB": 0.9339622855186462,
    "_RampLevels": 4.0,
    "_LightScalar": 1.0,
    "_HighColorR": 1.0,
    "_HighColorG": 1.0,
    "_HighColorB": 1.0,
    "_HighIntensity": 1.5,
    "_LowColorR": 0.0,
    "_LowColorG": 0.46226418018341067,
    "_LowColorB": 0.28257691860198977,
    "_LowIntensity": 1.0,
    "_OutlineColorR": 0.0,
    "_OutlineColorG": 0.0,
    "_OutlineColorB": 0.0,
    "_OutlineSize": 10.0,
    "_RimColorR": 0.9528301954269409,
    "_RimColorG": 0.28315237164497378,
    "_RimColorB": 0.28315237164497378,
    "_RimAlpha": 0.0,
    "_RimPower": 0.0,
    "_RimDropOff": 0.0,
    "_FresnelColorR": 1.0,
    "_FresnelColorG": 0.0,
    "_FresnelColorB": 0.0,
    "_FresnelBrightness": 0.0,
    "_FresnelPower": 0.0,
    "_FresnelShadowDropoff": 0.0,
    "_GradYCap": 0.0,
    "_GradIntensity": 0.0
}